Date,AAPL,GOOG,GS,IBM,T,^GSPC
2010-01-04,206.93,626.75,164.55,123.29,22.86,1132.99
2010-01-05,207.29,623.99,167.46,121.8,22.74,1136.52
2010-01-06,203.99,608.26,165.68,121.01,22.41,1137.14
2010-01-07,203.61,594.1,168.92,120.59,22.16,1141.69
2010-01-08,204.97,602.02,165.72,121.8,22.0,1144.98
2010-01-11,203.16,601.11,163.11,120.53,21.89,1146.98
2010-01-12,200.85,590.48,159.55,121.49,21.88,1136.22
2010-01-13,203.68,587.09,160.74,121.23,21.62,1145.68
2010-01-14,202.5,589.85,160.23,123.16,21.26,1148.46
2010-01-15,199.12,580.0,157.07,122.67,20.93,1136.03
2010-01-19,207.92,587.62,158.64,124.87,21.27,1150.23
2010-01-20,204.72,580.41,159.52,121.25,20.97,1138.04
2010-01-21,201.18,582.98,152.95,120.08,20.84,1116.48
2010-01-22,191.21,550.01,146.53,116.82,20.61,1091.76
2010-01-25,196.35,540.0,147.35,117.4,20.76,1096.78
2010-01-26,199.12,542.42,143.45,117.06,20.56,1092.17
2010-01-27,201.0,542.1,144.04,117.6,20.8,1097.5
2010-01-28,192.7,534.29,145.74,115.2,20.73,1084.53
2010-01-29,185.7,529.94,141.39,113.93,20.59,1073.87
2010-02-01,188.29,533.02,145.59,116.05,20.6,1089.19
2010-02-02,189.38,531.12,149.21,116.85,20.85,1103.32
2010-02-03,192.64,540.82,149.48,116.97,20.76,1097.28
2010-02-04,185.69,526.78,143.26,114.5,20.32,1063.11
2010-02-05,188.99,531.29,146.57,114.98,20.49,1066.19
2010-02-08,187.7,533.47,143.66,113.96,20.28,1056.74
2010-02-09,189.7,536.44,144.98,115.21,20.5,1070.52
2010-02-10,188.66,534.45,146.06,114.83,20.39,1068.13
2010-02-11,192.1,536.4,146.46,115.69,20.45,1078.47
2010-02-12,193.75,533.12,146.35,115.94,20.35,1075.51
2010-02-16,196.67,541.3,149.65,117.09,20.55,1094.87
2010-02-17,195.85,538.21,149.51,118.12,20.62,1099.51
2010-02-18,196.21,543.22,148.06,119.51,20.49,1106.75
2010-02-19,195.0,540.76,148.49,118.93,20.37,1109.17
2010-02-22,193.79,542.8,148.99,118.61,20.31,1108.01
2010-02-23,190.54,535.07,148.98,118.24,20.15,1094.6
2010-02-24,194.02,531.47,150.53,119.3,20.22,1105.24
2010-02-25,195.32,526.43,148.73,118.81,20.11,1102.94
2010-02-26,197.85,526.8,148.98,118.9,20.14,1104.49
2010-03-01,202.07,532.69,149.16,120.22,20.29,1115.71
2010-03-02,201.94,541.06,151.27,119.14,20.2,1118.31
2010-03-03,202.4,545.32,150.29,118.64,20.2,1118.79
2010-03-04,203.74,554.59,155.9,118.49,20.26,1122.97
2010-03-05,211.7,564.21,159.3,118.98,20.28,1138.7
2010-03-08,211.83,562.48,161.84,118.2,20.52,1138.5
2010-03-09,215.64,560.19,160.89,117.39,20.75,1140.45
2010-03-10,217.4,576.45,163.84,117.46,20.72,1145.61
2010-03-11,218.04,581.14,165.33,119.31,20.78,1150.24
2010-03-12,219.1,579.54,166.71,119.63,20.8,1149.99
2010-03-15,216.43,563.18,165.35,119.53,20.93,1150.51
2010-03-16,217.02,565.2,167.89,120.31,20.98,1159.46
2010-03-17,216.7,565.56,168.31,119.46,21.02,1166.21
2010-03-18,217.22,566.4,169.09,120.04,21.15,1165.83
2010-03-19,214.9,560.0,169.52,119.41,21.3,1159.9
2010-03-22,217.31,557.5,167.86,119.67,21.43,1165.81
2010-03-23,220.8,549.0,166.59,120.97,21.55,1174.17
2010-03-24,221.78,557.33,166.19,120.18,21.32,1167.72
2010-03-25,219.15,562.88,166.66,120.84,21.23,1165.73
2010-03-26,223.26,562.69,164.72,120.86,21.3,1166.59
2010-03-29,224.7,562.45,165.85,120.24,21.52,1173.22
2010-03-30,228.05,566.71,163.3,120.4,21.06,1173.27
2010-03-31,227.22,567.12,162.59,119.92,20.97,1169.43
2010-04-01,228.16,568.8,162.2,119.92,21.19,1178.1
2010-04-05,230.6,571.01,165.0,120.95,21.36,1187.44
2010-04-06,231.61,568.22,164.75,120.55,21.36,1189.44
2010-04-07,232.64,563.54,168.05,120.13,21.16,1182.45
2010-04-08,232.01,567.49,171.04,119.32,21.46,1186.44
2010-04-09,233.79,566.22,170.68,120.39,21.81,1194.37
2010-04-12,234.27,572.73,169.46,120.02,21.76,1196.48
2010-04-13,234.41,586.77,170.8,120.65,21.61,1197.3
2010-04-14,237.56,589.0,176.2,122.72,21.64,1210.65
2010-04-15,240.68,595.3,175.59,122.39,21.64,1211.67
2010-04-16,239.21,550.15,153.13,122.14,21.39,1192.13
2010-04-19,238.89,550.1,155.62,123.64,21.76,1197.52
2010-04-20,236.5,555.04,152.44,121.26,21.99,1207.17
2010-04-21,250.64,554.3,151.44,120.61,21.73,1205.94
2010-04-22,257.65,547.06,151.55,120.74,21.67,1208.67
2010-04-23,261.87,544.99,149.98,121.54,21.65,1217.28
2010-04-26,260.58,531.64,144.86,122.24,21.67,1212.05
2010-04-27,253.37,529.06,145.83,120.45,21.41,1183.71
2010-04-28,252.94,529.19,149.61,121.65,21.37,1191.36
2010-04-29,259.75,532.0,152.69,121.98,21.56,1206.78
2010-04-30,252.45,525.7,138.36,120.62,21.5,1186.69
2010-05-03,257.54,530.6,142.45,121.18,21.68,1202.26
2010-05-04,250.12,506.37,142.41,119.8,21.36,1173.6
2010-05-05,247.52,509.76,141.21,119.18,21.26,1165.87
2010-05-06,238.1,498.67,135.61,116.46,20.74,1128.15
2010-05-07,228.05,493.14,136.25,114.75,20.7,1110.88
2010-05-10,245.58,521.65,137.05,118.67,21.17,1159.73
2010-05-11,248.03,509.05,135.28,119.25,21.15,1155.79
2010-05-12,253.42,505.39,140.26,124.7,21.3,1171.67
2010-05-13,249.81,510.88,137.83,123.57,21.23,1157.44
2010-05-14,245.42,507.53,136.48,123.3,20.95,1135.68
2010-05-17,245.81,507.97,135.92,122.59,21.26,1136.94
2010-05-18,244.01,498.37,130.89,122.13,21.11,1120.8
2010-05-19,240.12,494.43,133.5,121.11,21.09,1115.05
2010-05-20,229.89,475.01,129.69,116.35,20.59,1071.59
2010-05-21,234.3,472.05,133.99,117.87,20.5,1087.69
2010-05-24,238.59,477.16,130.25,116.96,20.15,1073.65
2010-05-25,237.11,477.07,135.84,117.03,20.06,1074.03
2010-05-26,236.03,475.47,133.69,115.81,19.9,1067.95
2010-05-27,244.97,490.46,138.46,118.78,20.32,1103.06
2010-05-28,248.38,485.63,137.8,117.72,20.04,1089.41
2010-06-01,252.2,482.37,135.51,116.86,20.07,1070.71
2010-06-02,255.22,493.37,138.35,119.74,20.44,1098.38
2010-06-03,254.41,505.6,137.59,120.26,20.46,1102.83
2010-06-04,247.49,498.72,135.88,117.74,19.94,1064.88
2010-06-07,242.64,485.52,132.47,116.66,20.06,1050.47
2010-06-08,241.08,484.78,131.61,116.28,20.6,1062.0
2010-06-09,235.15,474.02,130.68,116.44,20.54,1055.69
2010-06-10,242.22,487.01,127.78,120.0,20.99,1086.84
2010-06-11,245.12,488.5,129.57,120.72,20.86,1091.6
2010-06-14,245.87,483.19,127.47,120.77,20.76,1089.63
2010-06-15,251.1,497.99,130.77,121.98,21.07,1115.23
2010-06-16,258.41,501.27,130.93,122.51,21.05,1114.61
2010-06-17,262.87,500.08,131.18,123.1,21.09,1116.04
2010-06-18,265.0,500.03,132.0,122.32,20.98,1117.51
2010-06-21,261.23,488.56,131.58,122.79,20.99,1113.2
2010-06-22,264.79,486.25,128.76,121.52,20.92,1095.31
2010-06-23,262.0,482.05,129.03,122.28,20.99,1092.04
2010-06-24,260.1,475.1,128.94,120.48,20.66,1073.69
2010-06-25,257.87,472.68,133.41,119.47,20.45,1076.76
2010-06-28,259.42,472.08,130.54,121.22,20.58,1074.57
2010-06-29,247.69,454.26,127.77,117.56,20.18,1041.24
2010-06-30,243.21,444.95,125.4,116.05,19.95,1030.71
2010-07-01,240.26,439.49,125.27,115.19,20.08,1027.37
2010-07-02,238.77,436.55,125.21,114.53,20.04,1022.58
2010-07-06,240.4,436.07,126.34,116.03,20.14,1028.06
2010-07-07,250.11,450.2,129.75,119.36,20.42,1060.27
2010-07-08,249.55,456.56,129.4,120.27,20.62,1070.25
2010-07-09,251.03,467.49,131.88,120.26,20.84,1077.96
2010-07-12,248.78,475.83,131.11,120.93,20.85,1078.75
2010-07-13,243.47,489.2,133.97,122.63,20.94,1095.34
2010-07-14,244.37,491.34,132.84,122.85,20.95,1095.17
2010-07-15,243.13,494.02,138.72,122.85,20.98,1096.48
2010-07-16,241.63,459.61,139.63,120.33,20.72,1064.88
2010-07-19,237.45,466.18,139.16,121.98,20.88,1071.25
2010-07-20,243.55,481.59,142.25,118.93,20.81,1083.48
2010-07-21,245.83,477.5,140.41,117.73,20.92,1069.59
2010-07-22,250.45,484.81,139.99,119.8,21.41,1093.67
2010-07-23,251.34,490.06,140.79,120.65,21.44,1102.66
2010-07-26,250.7,488.97,141.57,120.68,21.79,1115.01
2010-07-27,255.34,492.63,140.64,120.89,21.95,1113.84
2010-07-28,252.32,484.35,140.61,120.7,21.99,1106.13
2010-07-29,249.57,484.99,145.75,120.32,21.84,1101.53
2010-07-30,248.74,484.85,144.07,120.67,21.77,1101.6
2010-08-02,253.18,490.41,145.91,122.89,22.32,1125.86
2010-08-03,253.26,489.83,146.34,122.53,22.4,1120.46
2010-08-04,254.28,506.32,149.41,123.37,22.36,1127.24
2010-08-05,253.04,508.1,148.94,123.9,22.44,1125.81
2010-08-06,251.48,500.22,148.24,122.91,22.28,1121.64
2010-08-09,253.09,505.35,148.45,124.67,22.54,1127.79
2010-08-10,250.83,503.71,147.01,124.52,22.67,1121.06
2010-08-11,241.91,491.74,142.57,122.62,22.28,1089.47
2010-08-12,243.46,492.01,142.73,121.18,22.38,1083.61
2010-08-13,240.86,486.35,141.45,120.77,22.43,1079.25
2010-08-16,239.45,485.59,141.15,120.68,22.37,1079.38
2010-08-17,243.63,490.52,141.94,121.32,22.64,1092.54
2010-08-18,244.7,482.15,142.52,122.21,22.9,1094.16
2010-08-19,241.61,467.97,140.47,121.74,22.64,1075.63
2010-08-20,241.38,462.02,141.61,120.42,22.2,1071.69
2010-08-23,237.67,464.07,140.17,119.45,22.23,1067.36
2010-08-24,231.99,451.39,137.51,117.97,22.43,1051.87
2010-08-25,234.85,454.62,138.21,118.32,22.57,1055.33
2010-08-26,232.33,450.98,135.46,115.96,22.41,1047.22
2010-08-27,233.62,458.83,133.5,117.81,22.61,1064.59
2010-08-30,234.48,452.69,130.87,116.55,22.35,1048.92
2010-08-31,235.06,450.02,131.13,116.29,22.69,1049.33
2010-09-01,242.05,460.33,133.82,118.79,22.96,1080.29
2010-09-02,243.83,463.18,133.86,118.1,23.0,1090.1
2010-09-03,250.21,470.3,141.05,120.5,23.03,1104.51
2010-09-07,249.28,464.4,139.06,118.96,22.89,1091.84
2010-09-08,254.22,470.58,141.29,119.08,22.99,1098.87
2010-09-09,254.36,476.18,142.82,119.34,23.34,1104.18
2010-09-10,254.69,476.14,144.02,120.88,23.36,1109.55
2010-09-13,258.2,482.27,147.83,122.41,23.44,1121.9
2010-09-14,259.19,480.43,146.07,121.7,23.44,1121.1
2010-09-15,261.28,480.64,146.1,122.24,23.51,1125.07
2010-09-16,267.42,481.06,145.78,122.47,23.59,1124.66
2010-09-17,266.26,490.15,144.59,122.96,23.64,1125.59
2010-09-20,273.86,508.28,145.47,124.47,23.95,1142.71
2010-09-21,274.38,513.46,144.99,124.65,24.01,1139.78
2010-09-22,278.23,516.0,141.8,125.21,24.0,1134.28
2010-09-23,279.36,513.48,138.77,124.36,23.93,1124.83
2010-09-24,282.65,527.29,141.04,126.66,23.99,1148.67
2010-09-27,281.52,530.41,139.82,127.17,24.23,1142.16
2010-09-28,277.37,527.17,138.87,127.4,24.27,1147.7
2010-09-29,277.86,527.69,138.3,127.96,24.1,1144.73
2010-09-30,274.36,525.79,138.46,126.69,24.0,1141.2
2010-10-01,273.17,525.62,141.45,128.11,24.18,1146.24
2010-10-04,269.42,522.35,140.36,127.74,24.22,1137.03
2010-10-05,279.38,538.23,143.24,130.02,24.64,1160.75
2010-10-06,279.62,534.35,144.45,130.19,24.37,1159.97
2010-10-07,279.65,530.01,144.71,131.02,24.06,1158.06
2010-10-08,284.34,536.35,146.19,131.14,24.03,1165.15
2010-10-11,285.59,538.84,145.75,131.91,24.11,1165.32
2010-10-12,288.66,541.39,148.64,132.09,24.17,1169.77
2010-10-13,290.21,543.3,148.18,132.58,24.24,1178.1
2010-10-14,292.31,540.93,145.17,133.64,24.27,1173.81
2010-10-15,304.32,601.45,144.31,133.23,24.12,1176.19
2010-10-18,307.48,617.71,147.19,134.9,24.37,1184.71
2010-10-19,299.25,607.83,150.08,130.37,24.02,1165.9
2010-10-20,300.25,607.98,152.84,131.35,24.36,1178.17
2010-10-21,299.28,611.99,152.55,132.07,24.13,1180.26
2010-10-22,297.3,612.53,151.08,131.92,24.09,1183.08
2010-10-25,298.62,616.5,150.72,132.08,24.15,1185.62
2010-10-26,297.86,618.6,151.59,132.86,24.11,1185.64
2010-10-27,297.64,616.47,153.37,133.58,24.14,1182.45
2010-10-28,295.14,618.58,156.33,133.08,24.27,1183.78
2010-10-29,291.02,613.7,154.31,135.63,24.29,1183.26
2010-11-01,294.11,615.0,154.73,135.36,24.46,1184.38
2010-11-02,299.12,615.6,155.92,135.85,24.64,1193.57
2010-11-03,302.45,620.18,155.74,136.17,24.74,1197.96
2010-11-04,307.74,624.27,159.34,138.64,25.07,1221.06
2010-11-05,306.64,625.08,163.83,138.76,24.92,1225.85
2010-11-08,308.08,626.77,162.03,138.94,24.85,1223.25
2010-11-09,305.62,624.82,159.5,138.64,24.85,1213.4
2010-11-10,307.51,622.88,160.14,139.03,24.74,1218.71
2010-11-11,306.17,617.19,160.61,137.97,24.55,1213.54
2010-11-12,297.84,603.29,158.81,136.36,24.23,1199.21
2010-11-15,296.88,595.47,160.14,136.27,24.38,1197.75
2010-11-16,291.61,583.72,158.11,134.94,24.05,1178.34
2010-11-17,290.56,583.55,157.91,134.67,23.81,1178.59
2010-11-18,298.22,596.56,160.26,136.95,24.22,1196.69
2010-11-19,296.58,590.83,159.61,137.61,24.11,1199.73
2010-11-22,302.99,591.22,154.23,137.93,24.09,1197.84
2010-11-23,298.51,583.01,151.1,135.83,23.87,1180.73
2010-11-24,304.38,594.97,153.47,138.33,23.96,1198.35
2010-11-26,304.58,590.0,151.52,136.52,23.78,1189.4
2010-11-29,306.38,582.11,152.53,135.56,23.59,1187.76
2010-11-30,300.85,555.71,149.86,134.2,23.66,1180.55
2010-12-01,305.93,564.35,152.07,137.0,24.08,1206.07
2010-12-02,307.62,571.82,155.96,137.73,24.31,1221.53
2010-12-03,306.94,573.0,155.78,137.92,24.26,1224.71
2010-12-06,309.56,578.36,156.1,137.55,24.1,1223.12
2010-12-07,307.68,587.14,155.09,136.63,24.3,1223.75
2010-12-08,310.39,590.54,159.45,137.54,24.38,1228.28
2010-12-09,309.18,591.5,159.75,136.89,24.54,1233.0
2010-12-10,309.95,592.21,161.69,137.39,24.6,1240.4
2010-12-13,311.03,594.62,162.66,136.88,24.51,1240.46
2010-12-14,309.69,594.91,160.6,138.34,24.98,1241.59
2010-12-15,309.76,590.3,158.56,137.29,24.8,1235.23
2010-12-16,310.62,591.71,157.84,137.13,24.89,1242.87
2010-12-17,310.0,590.8,157.44,137.56,24.87,1243.91
2010-12-20,311.55,595.06,159.37,137.09,24.8,1247.08
2010-12-21,313.47,603.07,161.46,138.26,24.75,1254.6
2010-12-22,314.4,605.49,162.78,138.46,24.8,1258.84
2010-12-23,312.89,604.23,160.86,138.4,24.86,1256.77
2010-12-27,313.94,602.38,163.0,137.88,24.91,1257.54
2010-12-28,314.7,598.92,162.38,138.23,24.89,1258.51
2010-12-29,314.53,601.0,160.88,139.0,24.96,1259.78
2010-12-30,312.95,598.86,160.89,139.14,24.97,1257.88
2010-12-31,311.89,593.97,161.39,139.23,25.02,1257.64
2011-01-03,318.66,604.35,166.09,139.91,25.26,1271.87
2011-01-04,320.33,602.12,166.12,140.06,25.44,1270.2
2011-01-05,322.95,609.07,167.0,139.5,25.53,1276.56
2011-01-06,322.69,613.5,165.28,141.03,25.18,1273.85
2011-01-07,325.0,616.44,163.82,140.34,24.92,1271.5
2011-01-10,331.12,614.21,162.93,140.06,24.48,1269.75
2011-01-11,330.33,616.01,162.54,139.72,24.11,1274.48
2011-01-12,333.02,616.87,164.76,141.45,24.22,1285.96
2011-01-13,334.24,616.69,164.67,141.18,24.26,1283.76
2011-01-14,336.95,624.18,167.96,142.3,24.56,1293.24
2011-01-18,329.38,639.63,167.65,142.92,24.47,1295.02
2011-01-19,327.63,631.75,159.79,147.7,24.47,1281.92
2011-01-20,321.67,626.77,159.02,147.8,24.39,1280.26
2011-01-21,315.91,611.83,159.51,147.52,24.47,1283.35
2011-01-24,326.28,611.08,159.61,151.44,24.6,1290.84
2011-01-25,330.1,619.91,155.46,153.15,24.85,1291.18
2011-01-26,332.47,616.5,154.82,152.78,24.82,1296.63
2011-01-27,331.85,616.79,157.43,152.8,24.3,1299.54
2011-01-28,324.98,600.99,155.26,151.04,23.75,1276.34
2011-01-31,328.09,600.36,157.04,153.69,23.77,1286.12
2011-02-01,333.61,611.04,158.68,155.17,24.08,1307.59
2011-02-02,332.93,612.0,158.41,154.92,23.9,1304.03
2011-02-03,332.07,610.15,158.01,155.14,24.18,1307.1
2011-02-04,335.03,610.98,158.2,155.58,24.16,1310.87
2011-02-07,340.24,614.29,160.4,156.36,24.15,1319.05
2011-02-08,343.45,618.38,161.77,158.15,24.11,1324.57
2011-02-09,346.31,616.5,159.33,156.82,24.16,1320.88
2011-02-10,342.81,616.44,158.69,156.29,24.4,1321.87
2011-02-11,345.04,624.5,159.95,156.06,24.6,1329.15
2011-02-14,347.29,628.15,160.78,155.46,24.59,1332.32
2011-02-15,347.99,624.15,161.15,155.09,24.4,1328.01
2011-02-16,351.11,624.22,162.02,155.63,24.45,1336.32
2011-02-17,346.44,625.26,160.43,156.43,24.62,1340.43
2011-02-18,338.96,630.08,161.28,157.0,24.68,1343.01
2011-02-22,327.4,610.21,156.38,154.25,24.36,1315.44
2011-02-23,331.28,611.32,156.53,152.56,24.22,1307.4
2011-02-24,331.53,608.82,156.86,153.12,24.12,1306.1
2011-02-25,336.64,610.04,158.48,154.56,24.3,1319.88
2011-02-28,341.52,613.4,157.52,154.18,24.52,1327.22
2011-03-01,337.75,600.76,155.15,152.36,24.26,1306.33
2011-03-02,340.47,600.79,155.51,152.54,24.34,1308.44
2011-03-03,347.66,609.56,158.21,155.7,24.3,1330.97
2011-03-04,348.09,600.62,154.85,154.13,24.12,1321.15
2011-03-07,343.6,591.66,153.07,152.32,24.1,1310.13
2011-03-08,343.99,592.31,155.14,154.56,24.58,1321.82
2011-03-09,340.81,591.77,156.15,157.97,24.87,1320.02
2011-03-10,335.2,580.3,154.15,154.31,24.72,1295.11
2011-03-11,340.34,576.71,154.54,154.7,24.59,1304.28
2011-03-14,341.86,569.99,152.38,153.71,24.35,1296.39
2011-03-15,334.0,569.56,151.24,151.46,24.03,1281.87
2011-03-16,319.09,557.1,148.48,145.72,23.61,1256.88
2011-03-17,323.57,561.36,149.8,146.85,23.96,1273.72
2011-03-18,319.73,561.06,153.85,148.48,24.14,1279.21
2011-03-21,328.07,576.5,154.09,150.18,24.41,1298.38
2011-03-22,329.91,577.32,154.65,150.48,24.28,1293.77
2011-03-23,327.97,582.16,153.44,151.94,24.31,1297.54
2011-03-24,333.55,586.89,153.8,152.43,24.66,1309.66
2011-03-25,339.91,579.74,151.94,154.47,24.92,1313.8
2011-03-28,338.84,575.36,150.49,153.69,25.36,1310.19
2011-03-29,339.35,581.73,152.42,155.13,25.96,1319.44
2011-03-30,337.09,581.84,152.99,155.82,26.53,1328.26
2011-03-31,336.98,586.76,152.54,155.31,26.44,1325.83
2011-04-01,333.16,591.8,154.11,156.46,26.45,1332.41
2011-04-04,329.9,587.68,152.83,156.44,26.58,1332.87
2011-04-05,327.68,569.09,152.84,156.19,26.52,1332.63
2011-04-06,326.85,574.18,155.71,156.24,26.7,1335.54
2011-04-07,326.89,580.0,156.2,156.56,26.76,1333.51
2011-04-08,323.97,578.16,154.81,156.25,26.91,1328.17
2011-04-11,319.85,577.37,155.3,156.15,26.86,1324.46
2011-04-12,321.4,570.61,154.29,155.49,26.7,1314.16
2011-04-13,325.01,576.28,154.05,156.15,26.44,1314.41
2011-04-14,321.42,578.51,149.84,157.12,26.54,1314.52
2011-04-15,316.62,530.7,149.2,158.3,26.85,1319.68
2011-04-18,320.87,526.84,147.91,158.05,26.56,1305.14
2011-04-19,326.68,521.53,146.06,157.53,26.56,1312.62
2011-04-20,331.08,525.73,146.87,156.91,26.4,1330.36
2011-04-21,339.09,525.1,147.65,160.28,26.88,1337.38
2011-04-25,341.33,525.05,146.38,159.69,26.77,1335.25
2011-04-26,338.82,532.82,147.41,160.48,27.11,1347.24
2011-04-27,338.56,537.76,147.02,162.27,27.53,1355.66
2011-04-28,335.28,537.97,144.85,162.66,27.49,1360.48
2011-04-29,338.54,544.1,145.24,162.47,27.27,1363.61
2011-05-02,334.82,538.56,145.52,163.96,27.35,1361.22
2011-05-03,336.68,533.89,146.07,164.65,27.91,1356.62
2011-05-04,338.0,535.79,145.73,162.5,27.85,1347.32
2011-05-05,335.28,534.27,144.66,160.45,27.35,1335.1
2011-05-06,335.19,535.3,144.37,161.58,27.39,1340.2
2011-05-09,336.1,537.68,143.42,161.78,27.47,1346.29
2011-05-10,337.89,542.66,144.65,163.0,27.77,1357.16
2011-05-11,335.74,535.45,142.23,162.16,27.49,1342.08
2011-05-12,335.1,535.05,137.3,164.78,27.72,1348.65
2011-05-13,329.23,529.55,136.06,162.56,27.52,1337.77
2011-05-16,322.27,518.42,135.23,161.55,27.21,1329.47
2011-05-17,325.02,530.46,135.43,163.12,27.27,1328.98
2011-05-18,328.62,529.81,135.46,163.06,27.34,1340.68
2011-05-19,329.26,531.25,134.02,163.2,27.51,1343.6
2011-05-20,324.13,524.03,129.83,162.79,27.44,1333.27
2011-05-23,323.33,518.39,130.65,160.97,27.23,1317.37
2011-05-24,321.2,518.26,131.13,160.72,27.3,1316.28
2011-05-25,325.64,519.67,131.04,160.49,27.16,1320.47
2011-05-26,323.91,518.13,131.05,159.94,27.26,1325.69
2011-05-27,326.24,520.9,133.71,160.25,27.42,1331.1
2011-05-31,336.32,529.02,135.7,161.61,27.65,1345.2
2011-06-01,334.08,525.6,131.31,159.35,27.31,1314.55
2011-06-02,334.65,528.06,129.58,158.9,27.14,1312.94
2011-06-03,332.07,523.08,130.5,157.9,26.85,1300.16
2011-06-06,326.85,521.06,129.12,157.62,26.6,1286.17
2011-06-07,321.05,519.03,128.24,156.6,26.56,1284.94
2011-06-08,321.25,519.17,126.89,157.22,26.58,1279.56
2011-06-09,320.52,516.73,128.76,157.7,26.57,1289.0
2011-06-10,315.12,509.51,131.06,156.11,26.58,1270.98
2011-06-13,315.79,504.73,132.62,156.1,26.77,1271.83
2011-06-14,321.44,508.37,132.2,157.01,26.98,1287.87
2011-06-15,315.94,502.95,130.03,155.3,26.59,1265.42
2011-06-16,314.4,500.37,131.23,155.63,26.66,1267.64
2011-06-17,309.66,485.02,132.33,157.32,26.96,1271.5
2011-06-20,304.89,484.58,130.31,157.87,27.13,1278.36
2011-06-21,314.54,493.0,131.1,159.02,27.26,1295.52
2011-06-22,311.93,487.01,129.71,158.51,27.06,1287.14
2011-06-23,320.27,480.22,127.63,158.93,26.92,1283.5
2011-06-24,315.55,474.88,126.23,157.92,26.67,1268.45
2011-06-27,321.05,482.8,126.04,160.36,26.95,1280.1
2011-06-28,324.17,493.65,124.64,162.65,27.18,1296.67
2011-06-29,322.99,497.57,127.8,163.15,27.39,1307.41
2011-06-30,324.56,506.38,128.34,164.12,27.52,1320.64
2011-07-01,331.9,521.03,131.77,166.98,27.76,1339.67
2011-07-05,337.87,532.44,129.7,167.83,27.71,1337.88
2011-07-06,340.12,535.36,129.11,170.01,27.74,1339.22
2011-07-07,345.38,546.6,130.19,168.84,27.74,1353.22
2011-07-08,347.81,531.99,129.29,168.85,27.66,1343.8
2011-07-11,342.29,527.28,127.3,167.41,27.36,1319.49
2011-07-12,342.04,534.01,125.65,166.51,27.33,1313.64
2011-07-13,346.17,538.26,125.28,166.77,27.38,1317.72
2011-07-14,345.93,528.94,125.25,166.68,27.16,1308.87
2011-07-15,352.84,597.62,125.51,167.94,26.92,1316.14
2011-07-18,361.43,594.94,124.71,167.69,26.75,1305.44
2011-07-19,364.38,602.55,123.9,177.19,26.94,1326.73
2011-07-20,374.1,595.35,128.01,175.7,26.85,1325.84
2011-07-21,374.47,606.99,130.74,176.89,26.9,1343.8
2011-07-22,380.28,618.23,130.65,177.16,26.93,1345.02
2011-07-25,385.31,618.98,131.96,175.74,26.57,1337.43
2011-07-26,390.06,622.52,132.68,175.01,26.59,1331.94
2011-07-27,379.6,607.22,129.91,173.5,26.61,1304.89
2011-07-28,378.85,610.94,130.99,173.93,25.99,1300.67
2011-07-29,377.56,603.69,130.15,173.98,25.99,1292.28
2011-08-01,383.62,606.77,129.36,172.92,26.22,1286.94
2011-08-02,376.04,592.4,126.54,170.34,25.92,1254.05
2011-08-03,379.58,601.17,127.36,171.09,26.2,1260.34
2011-08-04,364.88,577.52,121.72,164.05,25.56,1200.07
2011-08-05,361.26,579.04,120.71,165.49,25.7,1199.38
2011-08-08,341.52,546.02,113.46,159.71,24.6,1119.46
2011-08-09,361.63,573.41,118.35,163.93,25.63,1172.53
2011-08-10,351.65,549.01,106.4,156.18,24.76,1120.76
2011-08-11,361.33,562.13,113.88,160.2,25.26,1172.64
2011-08-12,364.51,563.77,112.31,161.62,25.07,1178.81
2011-08-15,370.72,557.23,114.87,166.22,25.59,1204.49
2011-08-16,367.89,539.0,112.69,164.54,25.57,1192.76
2011-08-17,367.85,533.15,113.06,164.77,25.91,1193.89
2011-08-18,353.94,504.88,109.1,157.42,25.28,1140.65
2011-08-19,344.25,490.92,107.77,151.37,24.86,1123.53
2011-08-22,344.64,498.17,102.7,152.76,25.27,1123.82
2011-08-23,361.24,518.82,103.04,157.89,25.74,1162.35
2011-08-24,363.73,523.29,106.37,160.23,26.14,1177.6
2011-08-25,361.35,520.04,105.92,159.1,25.81,1159.27
2011-08-26,370.89,526.86,107.76,162.52,25.79,1176.8
2011-08-29,377.07,539.08,111.92,165.86,25.99,1210.08
2011-08-30,377.08,540.7,111.4,165.76,26.31,1212.92
2011-08-31,372.1,540.96,112.41,165.18,25.3,1218.89
2011-09-01,368.42,532.5,108.48,163.66,25.11,1204.42
2011-09-02,361.67,524.84,103.55,160.44,24.92,1173.97
2011-09-06,367.17,522.18,101.13,158.65,24.72,1165.24
2011-09-07,371.22,534.03,104.79,160.76,24.99,1198.62
2011-09-08,371.43,534.96,101.35,158.78,24.84,1185.9
2011-09-09,364.99,524.85,98.9,155.05,24.46,1154.23
2011-09-12,367.37,530.12,99.54,156.06,24.76,1162.27
2011-09-13,371.89,529.52,100.68,157.03,24.98,1172.87
2011-09-14,376.42,532.07,101.11,160.69,25.1,1188.68
2011-09-15,379.96,542.56,104.43,163.43,25.35,1209.11
2011-09-16,387.25,546.68,103.96,166.22,25.71,1216.01
2011-09-19,398.01,546.67,101.37,166.35,25.39,1204.09
2011-09-20,399.77,546.63,99.24,167.88,25.63,1202.09
2011-09-21,398.5,539.2,94.65,166.25,25.14,1166.76
2011-09-22,388.52,520.66,90.9,162.02,24.65,1129.56
2011-09-23,390.92,525.51,92.06,162.71,24.74,1136.43
2011-09-26,389.83,531.89,95.89,167.68,25.17,1162.95
2011-09-27,386.05,539.34,96.28,170.75,25.47,1175.38
2011-09-28,383.87,528.84,93.16,170.6,25.36,1151.06
2011-09-29,377.65,527.5,96.59,172.16,25.62,1160.4
2011-09-30,368.7,515.04,91.45,168.03,25.33,1131.42
2011-10-03,362.2,495.52,87.12,166.51,25.01,1099.23
2011-10-04,360.17,501.9,91.48,167.9,25.15,1123.95
2011-10-05,365.73,504.7,91.2,169.93,25.53,1144.03
2011-10-06,364.88,514.71,94.72,174.58,25.62,1164.97
2011-10-07,357.56,515.12,89.65,175.25,25.65,1155.46
2011-10-10,375.94,537.17,92.99,179.32,26.31,1194.89
2011-10-11,387.04,543.18,93.53,177.76,25.95,1195.54
2011-10-12,388.88,548.5,95.86,178.84,26.15,1207.25
2011-10-13,394.91,558.99,93.0,179.51,26.25,1203.66
2011-10-14,408.04,591.68,93.56,183.07,26.31,1224.58
2011-10-17,406.09,582.41,93.72,179.29,26.17,1200.86
2011-10-18,408.27,590.51,98.9,171.9,26.35,1225.38
2011-10-19,385.43,580.7,97.48,170.45,26.24,1209.88
2011-10-20,382.23,583.67,97.55,170.31,26.15,1215.39
2011-10-21,379.87,590.49,98.74,174.52,26.27,1238.25
2011-10-24,392.34,596.42,100.57,175.12,26.05,1254.19
2011-10-25,384.61,583.16,97.14,173.3,25.62,1229.05
2011-10-26,387.34,586.31,102.84,174.85,25.93,1242.0
2011-10-27,391.3,598.67,112.58,178.6,26.58,1284.59
2011-10-28,391.55,600.14,112.06,180.11,26.82,1285.09
2011-10-31,391.38,592.64,105.96,177.4,26.44,1253.3
2011-11-01,383.39,578.65,100.14,174.25,25.89,1218.28
2011-11-02,384.26,584.82,102.65,176.72,26.23,1237.9
2011-11-03,389.73,597.5,104.15,179.97,26.55,1261.15
2011-11-04,387.0,596.14,101.59,179.09,26.3,1253.23
2011-11-07,386.5,608.33,102.11,179.99,26.55,1261.12
2011-11-08,392.79,612.34,105.02,180.64,26.57,1275.92
2011-11-09,382.2,600.95,96.4,175.81,26.08,1229.1
2011-11-10,372.47,595.08,96.24,176.88,26.3,1239.7
2011-11-11,371.89,608.35,98.32,180.77,26.54,1263.85
2011-11-14,366.71,613.0,96.03,180.74,26.33,1251.78
2011-11-15,375.96,616.56,96.48,182.09,26.38,1257.81
2011-11-16,372.04,611.47,92.46,180.04,25.96,1236.91
2011-11-17,364.92,600.87,89.32,179.18,25.8,1216.13
2011-11-18,362.53,594.88,88.89,178.71,25.83,1215.65
2011-11-21,356.8,580.94,88.3,175.08,25.58,1192.98
2011-11-22,364.05,580.0,86.47,174.91,25.33,1188.04
2011-11-23,354.85,570.11,85.01,171.67,24.85,1161.79
2011-11-25,351.54,563.0,85.84,170.81,24.72,1158.67
2011-11-28,363.67,588.19,87.8,175.78,25.21,1192.55
2011-11-29,360.85,582.93,86.23,174.56,25.31,1195.19
2011-11-30,369.55,599.39,93.07,181.37,26.14,1246.96
2011-12-01,375.09,613.77,91.69,182.77,26.01,1244.58
2011-12-02,376.8,620.36,94.42,182.97,26.12,1244.28
2011-12-05,380.0,625.65,96.92,184.11,26.29,1257.08
2011-12-06,378.01,623.77,98.22,186.13,26.31,1258.47
2011-12-07,376.21,623.39,102.07,187.2,26.52,1261.01
2011-12-08,377.73,616.05,97.02,184.82,26.03,1234.35
2011-12-09,380.59,627.42,98.5,187.7,26.18,1255.19
2011-12-12,378.87,625.39,95.18,185.4,26.17,1236.47
2011-12-13,375.94,625.63,92.28,184.41,26.19,1225.73
2011-12-14,367.61,618.07,90.54,182.06,25.99,1211.82
2011-12-15,366.4,619.54,89.23,180.87,25.97,1215.75
2011-12-16,368.41,625.96,87.48,177.09,26.02,1219.66
2011-12-19,369.56,621.83,85.15,176.44,25.92,1205.35
2011-12-20,382.85,630.37,88.34,180.63,26.26,1241.3
2011-12-21,383.33,625.82,89.33,175.07,26.43,1243.72
2011-12-22,385.36,629.7,91.68,175.62,26.75,1254.0
2011-12-23,389.98,633.14,91.06,178.23,26.94,1265.33
2011-12-27,393.08,640.25,89.23,178.43,27.09,1265.43
2011-12-28,389.32,639.7,87.5,177.5,27.01,1249.64
2011-12-29,391.71,642.4,88.36,179.61,27.21,1263.02
2011-12-30,391.6,645.9,87.8,177.39,27.27,1257.6
2012-01-03,397.62,665.41,92.59,179.73,27.4,1277.06
2012-01-04,399.76,668.28,91.99,178.99,27.45,1277.3
2012-01-05,404.2,659.01,91.83,178.15,27.42,1281.06
2012-01-06,408.42,650.02,90.7,176.1,27.16,1277.81
2012-01-09,407.77,622.46,91.94,175.18,27.14,1280.7
2012-01-10,409.23,623.14,95.47,174.91,27.24,1292.08
2012-01-11,408.57,625.96,96.86,175.89,27.45,1292.48
2012-01-12,407.45,629.64,98.27,174.18,27.57,1295.5
2012-01-13,405.92,624.99,96.08,172.84,27.52,1289.09
2012-01-17,410.65,628.58,94.84,173.65,27.68,1293.67
2012-01-18,414.91,632.91,101.28,174.68,27.76,1308.04
2012-01-19,413.59,639.57,104.55,174.15,27.84,1314.5
2012-01-20,406.39,585.99,105.58,181.87,27.92,1315.38
2012-01-23,413.27,585.52,105.05,183.28,27.82,1316.0
2012-01-24,406.5,580.93,105.71,185.16,27.54,1314.65
2012-01-25,431.88,569.49,105.12,184.97,27.65,1326.06
2012-01-26,429.92,568.1,105.4,184.24,26.95,1318.43
2012-01-27,432.48,579.98,108.52,183.74,26.69,1316.33
2012-01-30,438.02,577.69,106.54,185.71,26.85,1313.01
2012-01-31,441.37,580.11,108.23,185.81,26.92,1312.41
2012-02-01,441.09,580.83,110.15,185.83,27.09,1324.09
2012-02-02,440.06,585.11,110.09,184.77,27.26,1325.54
2012-02-03,444.47,596.33,114.11,186.81,27.41,1344.9
2012-02-06,448.62,609.09,113.98,186.02,27.43,1344.33
2012-02-07,453.32,606.77,112.61,186.53,27.49,1347.05
2012-02-08,460.91,609.85,112.77,186.87,27.47,1349.96
2012-02-09,476.85,611.46,112.51,187.04,27.45,1351.95
2012-02-10,477.09,605.91,110.8,186.36,27.31,1342.64
2012-02-13,485.97,612.2,111.2,186.55,27.49,1351.77
2012-02-14,492.6,609.76,109.59,186.16,27.52,1350.5
2012-02-15,481.2,605.56,109.88,186.19,27.34,1343.23
2012-02-16,485.59,606.52,111.41,186.94,27.47,1358.04
2012-02-17,485.5,604.64,112.54,187.32,27.46,1361.23
2012-02-21,497.81,614.0,113.24,187.29,27.77,1362.21
2012-02-22,496.06,607.94,111.04,187.76,27.71,1357.66
2012-02-23,499.3,606.11,112.43,191.38,27.88,1363.46
2012-02-24,505.12,609.9,112.5,191.53,27.77,1365.74
2012-02-27,508.36,609.31,112.85,191.3,27.79,1367.59
2012-02-28,517.69,618.39,114.05,191.74,27.94,1372.18
2012-02-29,524.49,618.25,112.13,190.53,28.0,1365.68
2012-03-01,526.45,622.4,117.96,191.3,28.03,1374.09
2012-03-02,527.14,621.25,116.83,192.54,28.25,1369.63
2012-03-05,515.52,614.25,115.53,194.34,28.36,1364.33
2012-03-06,512.71,604.96,110.7,191.04,28.12,1343.36
2012-03-07,513.13,606.8,113.36,191.54,28.26,1352.63
2012-03-08,524.05,607.14,114.11,193.51,28.37,1365.91
2012-03-09,527.13,600.25,114.22,194.3,28.54,1370.87
2012-03-12,533.73,605.15,113.93,194.66,28.77,1371.09
2012-03-13,549.3,617.78,121.29,197.36,28.95,1395.95
2012-03-14,570.07,615.99,117.22,198.27,28.78,1394.28
2012-03-15,566.18,621.13,119.84,199.51,28.96,1402.6
2012-03-16,566.19,625.04,119.72,199.52,28.91,1404.17
2012-03-19,581.21,633.98,121.05,199.24,28.97,1409.75
2012-03-20,585.91,633.49,122.73,197.81,29.09,1405.52
2012-03-21,582.56,639.98,122.7,198.24,29.14,1402.89
2012-03-22,579.51,646.05,121.48,199.01,29.02,1392.78
2012-03-23,576.33,642.59,122.88,199.0,28.85,1397.11
2012-03-26,586.89,649.33,124.72,201.22,29.09,1416.51
2012-03-27,594.15,647.02,123.03,200.65,28.96,1412.52
2012-03-28,597.18,655.76,123.06,200.76,28.7,1405.54
2012-03-29,589.68,648.41,120.53,201.71,28.56,1403.28
2012-03-30,579.71,641.24,121.12,202.07,28.58,1408.47
2012-04-02,598.16,646.92,121.64,202.87,28.78,1419.04
2012-04-03,608.49,642.62,119.5,202.9,28.76,1413.38
2012-04-04,603.65,635.15,116.83,199.56,28.89,1398.96
2012-04-05,612.71,632.32,114.92,198.99,28.72,1398.08
2012-04-09,615.18,630.84,113.96,198.48,28.44,1382.2
2012-04-10,607.64,626.86,111.57,195.95,27.96,1358.59
2012-04-11,605.48,635.96,112.9,196.19,28.26,1368.71
2012-04-12,602.16,651.01,117.24,198.85,28.62,1387.57
2012-04-13,585.2,624.6,112.08,196.41,28.35,1370.26
2012-04-16,560.93,606.07,114.65,196.33,28.41,1369.57
2012-04-17,589.52,609.57,113.81,200.91,28.67,1390.78
2012-04-18,588.21,607.45,112.32,193.82,28.54,1385.14
2012-04-19,568.0,599.3,110.63,193.22,28.53,1376.92
2012-04-20,554.02,596.06,109.5,193.31,28.64,1378.53
2012-04-23,552.78,597.6,108.83,192.36,28.41,1366.94
2012-04-24,541.74,601.27,111.13,193.7,29.44,1371.97
2012-04-25,589.81,609.72,111.0,197.15,29.46,1390.69
2012-04-26,587.59,615.47,111.57,199.1,30.11,1399.98
2012-04-27,583.05,614.98,111.42,200.29,30.32,1403.36
2012-04-30,564.65,604.85,112.14,200.55,30.54,1397.91
2012-05-01,562.87,604.43,112.32,201.44,30.68,1405.82
2012-05-02,566.59,607.26,110.8,201.5,30.67,1402.31
2012-05-03,562.57,611.02,108.62,200.71,30.73,1391.57
2012-05-04,546.54,596.97,106.14,198.53,30.5,1369.1
2012-05-07,550.63,607.55,107.16,197.33,30.63,1369.58
2012-05-08,549.38,612.79,106.51,195.95,30.67,1363.72
2012-05-09,550.34,609.15,104.49,195.7,30.45,1354.58
2012-05-10,551.64,613.66,103.54,195.09,30.75,1357.99
2012-05-11,547.96,605.23,99.46,195.65,31.18,1353.39
2012-05-14,539.75,604.0,97.16,193.96,31.12,1338.35
2012-05-15,534.86,611.11,97.26,193.57,30.95,1330.66
2012-05-16,528.01,628.93,95.63,194.24,30.8,1324.8
2012-05-17,512.58,623.05,94.54,192.46,30.9,1304.86
2012-05-18,512.83,600.4,92.99,190.5,31.24,1295.22
2012-05-21,542.71,614.11,93.99,192.33,31.21,1315.99
2012-05-22,538.54,600.8,94.98,191.41,31.13,1316.63
2012-05-23,551.68,609.46,95.48,190.73,30.96,1318.86
2012-05-24,546.61,603.66,94.33,190.7,31.22,1320.68
2012-05-25,543.68,591.53,94.17,188.96,31.27,1317.82
2012-05-29,553.33,594.34,95.76,191.06,31.5,1332.42
2012-05-30,560.0,588.23,92.58,189.19,31.41,1313.32
2012-05-31,558.61,580.86,93.64,187.6,31.71,1310.33
2012-06-01,542.43,570.98,90.65,183.89,31.46,1278.04
2012-06-04,545.62,578.59,89.05,183.36,31.7,1278.18
2012-06-05,544.2,570.41,90.23,184.0,31.61,1285.5
2012-06-06,552.55,580.57,92.92,188.66,32.08,1315.13
2012-06-07,552.8,578.23,91.98,189.1,31.7,1314.99
2012-06-08,561.12,580.45,92.51,189.78,32.07,1325.66
2012-06-11,552.27,568.5,90.81,187.22,32.1,1308.93
2012-06-12,557.09,565.1,92.02,189.21,32.47,1324.18
2012-06-13,553.23,561.09,90.73,187.8,32.47,1314.88
2012-06-14,552.62,559.05,91.81,189.74,33.12,1329.1
2012-06-15,555.13,564.51,93.61,193.63,33.14,1342.84
2012-06-18,566.4,570.85,91.62,192.84,33.07,1344.78
2012-06-19,567.97,581.53,94.3,193.47,32.92,1357.98
2012-06-20,566.36,577.51,94.48,193.32,32.87,1355.69
2012-06-21,558.55,565.21,91.88,188.08,32.51,1325.51
2012-06-22,562.84,571.48,91.62,188.38,32.64,1335.02
2012-06-25,551.88,560.7,89.26,187.56,32.44,1313.72
2012-06-26,553.1,564.68,89.07,186.68,32.47,1319.99
2012-06-27,555.49,569.3,91.27,187.7,32.66,1331.85
2012-06-28,550.22,564.31,91.48,186.14,32.85,1329.04
2012-06-29,564.67,580.07,93.8,190.21,33.1,1362.16
2012-07-02,572.91,580.47,95.04,190.45,33.6,1365.51
2012-07-03,579.57,587.83,96.48,190.55,33.41,1374.02
2012-07-05,589.76,595.92,93.86,189.93,33.2,1367.58
2012-07-06,585.83,585.98,93.42,186.15,33.3,1354.68
2012-07-09,593.58,586.01,92.44,184.46,33.4,1352.46
2012-07-10,588.08,581.7,92.23,181.14,33.3,1341.47
2012-07-11,584.43,571.19,93.09,180.16,33.13,1341.45
2012-07-12,579.08,570.48,92.0,178.06,32.77,1334.76
2012-07-13,584.95,576.52,95.34,180.9,33.22,1356.78
2012-07-16,586.83,574.92,95.58,179.72,33.28,1353.64
2012-07-17,586.86,576.73,95.88,178.61,33.66,1363.67
2012-07-18,586.2,580.76,94.44,183.08,34.01,1372.78
2012-07-19,593.99,593.06,92.96,189.98,33.34,1376.51
2012-07-20,584.3,610.82,92.14,187.16,33.16,1362.66
2012-07-23,583.85,615.51,91.16,185.59,33.25,1350.52
2012-07-24,581.03,607.57,92.44,185.11,32.54,1338.31
2012-07-25,555.94,607.99,93.9,185.83,33.2,1337.89
2012-07-26,555.86,613.36,95.95,188.62,34.11,1360.02
2012-07-27,565.8,634.96,99.46,191.0,34.9,1385.97
2012-07-30,575.34,632.3,98.71,191.28,35.17,1385.3
2012-07-31,590.55,632.97,98.73,190.6,35.63,1379.32
2012-08-01,586.73,632.68,97.94,189.82,35.37,1375.32
2012-08-02,587.68,628.75,95.71,189.11,35.28,1365.0
2012-08-03,595.33,641.33,98.81,193.07,35.31,1390.99
2012-08-06,601.95,642.82,99.83,193.3,35.34,1394.23
2012-08-07,600.36,640.54,101.02,194.44,35.18,1401.35
2012-08-08,599.35,642.23,100.3,194.39,35.17,1402.22
2012-08-09,602.77,642.35,101.37,193.79,34.98,1402.8
2012-08-10,603.71,642.0,100.81,194.64,35.23,1405.87
2012-08-13,611.77,660.01,101.38,194.37,35.13,1404.11
2012-08-14,613.41,668.66,101.04,193.67,35.0,1403.93
2012-08-15,612.57,667.54,100.92,193.78,34.86,1405.53
2012-08-16,617.92,672.87,101.27,196.16,34.99,1415.51
2012-08-17,629.35,677.14,101.37,196.53,34.93,1418.16
2012-08-20,645.9,675.54,103.02,195.83,34.67,1418.13
2012-08-21,637.07,669.51,103.06,194.02,34.38,1413.17
2012-08-22,649.51,677.18,102.42,192.65,34.35,1413.49
2012-08-23,643.45,676.8,101.84,191.14,34.35,1402.08
2012-08-24,644.03,678.63,102.71,193.16,34.72,1411.13
2012-08-27,656.13,669.22,102.86,191.13,34.65,1410.44
2012-08-28,655.27,677.25,103.23,190.33,34.43,1409.3
2012-08-29,653.98,688.01,103.72,190.53,34.6,1410.49
2012-08-30,644.66,681.68,102.92,188.86,34.48,1399.48
2012-08-31,645.99,685.09,103.9,190.31,34.43,1406.58
2012-09-04,655.44,681.04,104.58,190.01,34.59,1404.94
2012-09-05,650.83,680.72,108.05,190.49,34.7,1403.44
2012-09-06,656.7,699.4,111.59,194.46,35.18,1432.12
2012-09-07,660.75,706.15,114.33,194.85,35.05,1437.92
2012-09-10,643.56,700.77,112.71,196.27,35.16,1429.08
2012-09-11,641.47,692.19,114.69,198.53,35.35,1433.56
2012-09-12,650.41,690.88,116.21,199.02,35.44,1436.56
2012-09-13,663.21,706.04,118.6,201.55,35.85,1459.99
2012-09-14,671.27,709.68,119.28,201.99,35.01,1465.77
2012-09-17,679.53,709.98,117.84,202.32,35.33,1461.19
2012-09-18,681.6,718.28,117.82,202.24,35.39,1459.32
2012-09-19,681.78,727.5,116.98,201.62,35.48,1461.05
2012-09-20,678.48,728.12,115.61,201.37,35.65,1460.26
2012-09-21,679.83,733.99,114.72,201.18,35.78,1460.15
2012-09-24,670.8,749.38,114.6,200.5,35.94,1456.89
2012-09-25,654.05,749.16,111.55,200.2,35.76,1441.59
2012-09-26,645.93,753.46,111.14,199.24,35.78,1433.32
2012-09-27,661.6,756.5,113.25,201.11,35.7,1447.15
2012-09-28,647.79,754.5,111.73,202.61,35.43,1440.67
2012-10-01,640.31,761.78,114.85,205.56,35.47,1444.49
2012-10-02,642.17,756.99,115.24,204.95,35.53,1445.75
2012-10-03,652.02,762.5,115.88,205.6,35.87,1450.99
2012-10-04,647.5,768.05,117.84,205.49,36.03,1461.4
2012-10-05,633.7,767.65,117.26,205.68,35.99,1460.93
2012-10-08,619.7,757.84,117.41,204.93,35.8,1455.88
2012-10-09,617.45,744.09,117.58,203.14,35.31,1441.48
2012-10-10,622.36,744.56,118.02,201.02,35.1,1432.56
2012-10-11,609.92,751.48,119.89,200.96,34.47,1432.84
2012-10-12,611.49,744.75,118.14,202.96,33.87,1428.59
2012-10-15,616.39,740.98,122.36,204.06,33.47,1440.13
2012-10-16,630.98,744.7,121.1,206.08,33.65,1454.92
2012-10-17,625.95,755.49,122.77,195.95,33.96,1460.91
2012-10-18,614.33,695.0,123.0,190.42,34.24,1457.34
2012-10-19,592.19,681.79,121.5,188.85,33.58,1433.19
2012-10-22,615.68,678.67,120.66,189.87,33.52,1433.82
2012-10-23,595.61,680.35,116.96,186.79,33.27,1413.11
2012-10-24,598.98,677.3,117.71,186.27,33.0,1408.75
2012-10-25,591.9,677.76,117.66,187.13,32.8,1412.97
2012-10-26,586.52,675.15,117.39,188.76,32.92,1411.94
2012-10-31,578.09,680.3,120.29,190.0,32.88,1412.16
2012-11-01,579.28,687.59,122.71,192.55,33.36,1427.59
2012-11-02,560.11,687.92,121.13,188.92,33.2,1414.2
2012-11-05,567.7,682.96,121.95,189.61,33.11,1417.26
2012-11-06,565.98,681.72,124.08,190.52,33.08,1428.39
2012-11-07,544.33,667.12,115.95,187.52,31.98,1394.53
2012-11-08,524.57,652.29,113.29,186.48,31.56,1377.51
2012-11-09,533.65,663.03,114.15,186.03,31.88,1379.85
2012-11-12,529.53,665.9,115.23,185.65,32.2,1380.03
2012-11-13,529.6,659.05,114.47,184.74,32.27,1374.53
2012-11-14,523.72,652.55,112.28,181.98,32.11,1355.49
2012-11-15,512.74,647.26,113.46,182.31,31.77,1353.33
2012-11-16,514.75,647.18,113.85,183.38,31.5,1359.88
2012-11-19,551.87,668.21,116.27,186.73,32.15,1386.89
2012-11-20,547.16,669.97,116.06,185.6,32.02,1387.81
2012-11-21,547.94,665.87,115.68,186.67,32.18,1391.03
2012-11-23,557.5,667.97,118.24,189.81,32.66,1409.15
2012-11-26,575.08,661.15,118.86,189.21,32.29,1406.29
2012-11-27,570.45,670.71,116.38,187.59,31.96,1398.94
2012-11-28,568.65,683.67,117.78,188.33,31.96,1409.93
2012-11-29,574.92,691.89,117.19,187.88,32.25,1415.95
2012-11-30,570.94,698.37,116.26,186.45,32.44,1416.18
2012-12-03,571.83,695.25,116.86,185.87,32.45,1409.46
2012-12-04,561.74,691.03,115.06,185.76,32.24,1407.05
2012-12-05,525.59,687.82,115.61,185.06,32.23,1409.28
2012-12-06,533.83,691.13,115.68,186.09,31.99,1413.94
2012-12-07,520.18,684.21,115.05,188.3,32.07,1418.07
2012-12-10,516.84,685.42,115.49,188.95,32.06,1418.55
2012-12-11,528.12,696.88,117.31,190.5,32.46,1427.84
2012-12-12,525.79,697.56,116.55,189.28,32.79,1428.48
2012-12-13,516.71,702.7,116.96,188.34,32.62,1419.45
2012-12-14,497.3,701.96,117.81,188.11,32.33,1413.58
2012-12-17,506.12,720.78,121.88,189.93,32.54,1430.36
2012-12-18,520.82,721.07,126.11,191.96,32.64,1446.79
2012-12-19,513.41,720.11,125.59,191.37,32.23,1435.81
2012-12-20,508.94,722.36,128.03,191.06,32.48,1443.69
2012-12-21,506.6,715.63,126.77,189.74,32.01,1430.15
2012-12-24,507.42,709.5,125.88,188.74,32.07,1426.66
2012-12-26,500.43,708.87,125.51,188.3,32.11,1419.83
2012-12-27,502.44,706.29,125.02,189.04,32.0,1418.1
2012-12-28,497.1,700.01,123.89,186.22,31.67,1402.43
2012-12-31,519.13,707.38,125.9,187.9,32.04,1426.19
